Workbook

Sheet Dashboard
A1: AI Voice Bot Project - Task Tracker
A2: 6-Week Sprint Plan | Python + Azure Agents + VoiceLive + React
A4: OVERALL PROGRESS | D4: SPRINT PROGRESS
A5: Total Tasks | B5: =COUNTA(Tasks!A:A)-1 -> 48 | D5: Sprint | E5: Tasks | F5: Done | G5: Progress %
A6: Completed | B6: =COUNTIF(Tasks!H:H,"Done") -> 0 | D6: Week 1 | E6: =COUNTIF(Tasks!B:B,"Week 1") -> 8 | F6: =COUNTIFS(Tasks!B:B,"Week 1",Tasks!H:H,"Done") -> 0 | G6: =IF(E6>0,ROUND(F6/E6*100,1),0) -> 0
A7: In Progress | B7: =COUNTIF(Tasks!H:H,"In Progress") -> 0 | D7: Week 2 | E7: =COUNTIF(Tasks!B:B,"Week 2") -> 8 | F7: =COUNTIFS(Tasks!B:B,"Week 2",Tasks!H:H,"Done") -> 0 | G7: =IF(E7>0,ROUND(F7/E7*100,1),0) -> 0
A8: Not Started | B8: =COUNTIF(Tasks!H:H,"Not Started") -> 48 | D8: Week 3 | E8: =COUNTIF(Tasks!B:B,"Week 3") -> 8 | F8: =COUNTIFS(Tasks!B:B,"Week 3",Tasks!H:H,"Done") -> 0 | G8: =IF(E8>0,ROUND(F8/E8*100,1),0) -> 0
A9: Blocked | B9: =COUNTIF(Tasks!H:H,"Blocked") -> 0 | D9: Week 4 | E9: =COUNTIF(Tasks!B:B,"Week 4") -> 8 | F9: =COUNTIFS(Tasks!B:B,"Week 4",Tasks!H:H,"Done") -> 0 | G9: =IF(E9>0,ROUND(F9/E9*100,1),0) -> 0
A10: Completion % | B10: =IF(B5>0,ROUND(B6/B5*100,1),0) -> 0 | D10: Week 5 | E10: =COUNTIF(Tasks!B:B,"Week 5") -> 8 | F10: =COUNTIFS(Tasks!B:B,"Week 5",Tasks!H:H,"Done") -> 0 | G10: =IF(E10>0,ROUND(F10/E10*100,1),0) -> 0
D11: Week 6 | E11: =COUNTIF(Tasks!B:B,"Week 6") -> 8 | F11: =COUNTIFS(Tasks!B:B,"Week 6",Tasks!H:H,"Done") -> 0 | G11: =IF(E11>0,ROUND(F11/E11*100,1),0) -> 0
A13: BY CATEGORY | D13: TEAM WORKLOAD
A14: Category | B14: Tasks | C14: Done | D14: Assignee | E14: Assigned | F14: Done | G14: In Progress
A15: Backend | B15: =COUNTIF(Tasks!C:C,"Backend") -> 12 | C15: =COUNTIFS(Tasks!C:C,"Backend",Tasks!H:H,"Done") -> 0 | D15: Alex (Backend) | E15: =COUNTIF(Tasks!F:F,"Alex (Backend)") -> 0 | F15: =COUNTIFS(Tasks!F:F,"Alex (Backend)",Tasks!H:H,"Done") -> 0 | G15: =COUNTIFS(Tasks!F:F,"Alex (Backend)",Tasks!H:H,"In Progress") -> 0
A16: Frontend | B16: =COUNTIF(Tasks!C:C,"Frontend") -> 7 | C16: =COUNTIFS(Tasks!C:C,"Frontend",Tasks!H:H,"Done") -> 0 | D16: Jordan (Frontend) | E16: =COUNTIF(Tasks!F:F,"Jordan (Frontend)") -> 0 | F16: =COUNTIFS(Tasks!F:F,"Jordan (Frontend)",Tasks!H:H,"Done") -> 0 | G16: =COUNTIFS(Tasks!F:F,"Jordan (Frontend)",Tasks!H:H,"In Progress") -> 0
A17: AI/ML | B17: =COUNTIF(Tasks!C:C,"AI/ML") -> 8 | C17: =COUNTIFS(Tasks!C:C,"AI/ML",Tasks!H:H,"Done") -> 0 | D17: Sam (AI/ML) | E17: =COUNTIF(Tasks!F:F,"Sam (AI/ML)") -> 0 | F17: =COUNTIFS(Tasks!F:F,"Sam (AI/ML)",Tasks!H:H,"Done") -> 0 | G17: =COUNTIFS(Tasks!F:F,"Sam (AI/ML)",Tasks!H:H,"In Progress") -> 0
A18: DevOps | B18: =COUNTIF(Tasks!C:C,"DevOps") -> 7 | C18: =COUNTIFS(Tasks!C:C,"DevOps",Tasks!H:H,"Done") -> 0 | D18: Taylor (DevOps) | E18: =COUNTIF(Tasks!F:F,"Taylor (DevOps)") -> 1 | F18: =COUNTIFS(Tasks!F:F,"Taylor (DevOps)",Tasks!H:H,"Done") -> 0 | G18: =COUNTIFS(Tasks!F:F,"Taylor (DevOps)",Tasks!H:H,"In Progress") -> 0
A19: Design | B19: =COUNTIF(Tasks!C:C,"Design") -> 2 | C19: =COUNTIFS(Tasks!C:C,"Design",Tasks!H:H,"Done") -> 0 | D19: Morgan (QA) | E19: =COUNTIF(Tasks!F:F,"Morgan (QA)") -> 0 | F19: =COUNTIFS(Tasks!F:F,"Morgan (QA)",Tasks!H:H,"Done") -> 0 | G19: =COUNTIFS(Tasks!F:F,"Morgan (QA)",Tasks!H:H,"In Progress") -> 0
A20: Testing | B20: =COUNTIF(Tasks!C:C,"Testing") -> 8 | C20: =COUNTIFS(Tasks!C:C,"Testing",Tasks!H:H,"Done") -> 0 | D20: Casey (Design) | E20: =COUNTIF(Tasks!F:F,"Casey (Design)") -> 0 | F20: =COUNTIFS(Tasks!F:F,"Casey (Design)",Tasks!H:H,"Done") -> 0 | G20: =COUNTIFS(Tasks!F:F,"Casey (Design)",Tasks!H:H,"In Progress") -> 0
A21: Documentation | B21: =COUNTIF(Tasks!C:C,"Documentation") -> 4 | C21: =COUNTIFS(Tasks!C:C,"Documentation",Tasks!H:H,"Done") -> 0

Sheet Tasks
A1: ID | B1: Sprint | C1: Category | D1: Task | E1: Description | F1: Assignee | G1: Priority | H1: Status | I1: Start | J1: Due | K1: Notes
A2: W1-01 | B2: Week 1 | C2: Documentation | D2: Project architecture design | E2: Define system components, data flow, integration points | F2: Ravi | G2: High | H2: Not Started | I2: 45670 | J2: 45674
A3: W1-02 | B3: Week 1 | C3: DevOps | D3: Development environment setup | E3: Docker, local dev configs, env variables | F3: Surbhi/Shruti | G3: High | H3: Not Started | I3: 45670 | J3: 45672
A4: W1-03 | B4: Week 1 | C4: DevOps | D4: Git repository & branching strategy | E4: Set up repo, branch protection, PR templates | F4: Surbhi/Shruti | G4: High | H4: Not Started | I4: 45671 | J4: 45672
A5: W1-04 | B5: Week 1 | C5: DevOps | D5: CI/CD pipeline skeleton | E5: GitHub Actions for build, test, deploy stages | F5: Surbhi/Shruti | G5: Medium | H5: Not Started | I5: 45672 | J5: 45674
A6: W1-05 | B6: Week 1 | C6: Backend | D6: Database schema design | E6: Design tables for users, sessions, conversations | F6: Surbhi/Shruti | G6: High | H6: Not Started | I6: 45671 | J6: 45673
A7: W1-06 | B7: Week 1 | C7: Documentation | D7: API specification document | E7: OpenAPI spec for all planned endpoints | F7: Surbhi/Shruti | G7: High | H7: Not Started | I7: 45672 | J7: 45674
A8: W1-07 | B8: Week 1 | C8: Frontend | D8: React project initialization | E8: Vite + React + TypeScript + TailwindCSS setup | F8: Surbhi/Shruti | G8: High | H8: Not Started | I8: 45670 | J8: 45672
A9: W1-08 | B9: Week 1 | C9: Backend | D9: Python backend scaffolding | E9: FastAPI project structure, config, health endpoints | F9: Surbhi/Shruti | G9: High | H9: Not Started | I9: 45670 | J9: 45672
A10: W2-01 | B10: Week 2 | C10: AI/ML | D10: Azure Agent SDK setup | E10: Configure Azure AI services, authentication, SDK | F10: Surbhi/Shruti | G10: High | H10: Not Started | I10: 45675 | J10: 45678
A11: W2-02 | B11: Week 2 | C11: AI/ML | D11: VoiceLive API integration research | E11: Evaluate API capabilities, rate limits, pricing | F11: Surbhi/Shruti | G11: High | H11: Not Started | I11: 45675 | J11: 45677
A12: W2-03 | B12: Week 2 | C12: Backend | D12: Voice processing module | E12: Audio format conversion, chunking, streaming | F12: Surbhi/Shruti | G12: High | H12: Not Started | I12: 45675 | J12: 45679
A13: W2-04 | B13: Week 2 | C13: Backend | D13: Authentication service | E13: JWT tokens, user sessions, API key management | F13: Surbhi/Shruti | G13: High | H13: Not Started | I13: 45675 | J13: 45678
... A49: W6-08 | B49: Week 6 | C49: Testing | D49: Post-launch monitoring | E49: Watch metrics, respond to issues, hotfixes | F49: Samya | G49: High | H49: Not Started | I49: 45699 | J49: 45699

Sheet Reference
A1: Status Options | B1: Priority | C1: Categories | D1: Team | F1: HOW TO USE
A2: Not Started | B2: High | C2: Backend | D2: Surbhi/Shruti | F2: 1. Update Status in column H as tasks progress
A3: In Progress | B3: Medium | C3: Frontend | D3: Surbhi | F3: 2. Dashboard formulas update automatically
A4: Blocked | B4: Low | C4: AI/ML | D4: Surbhi/Shruti | F4: 3. Colors indicate: Green=Done, Yellow=In Progress, Red=Blocked, Gray=Not Started
A5: Done | C5: DevOps | D5: Taylor (DevOps) | F5: 4. Filter Tasks sheet by Sprint, Category, or Assignee
C6: Design | D6: Kirti | F6: 5. Add notes in column K for context
C7: Testing | D7: Samya | F7: 6. Team members can filter by their name to see assignments
C8: Documentation | D8: Shruti
